congress,chamber,icpsr,state_icpsr,district_code,state_abbrev,party_code,occupancy,last_means,bioname,bioguide_id,born,died,nominate_dim1,nominate_dim2,nominate_log_likelihood,nominate_geo_mean_probability,nominate_number_of_votes,nominate_number_of_errors,conditional,nokken_poole_dim1,nokken_poole_dim2
119,House,20301,41,3,AL,200,,,"ROGERS, Mike Dennis",R000575,1958.0,,0.379,0.377,-0.00118,0.99995,23,0,,0.435,0.711
119,House,21102,41,7,AL,100,,,"SEWELL, Terri",S001185,1965.0,,-0.4,0.393,-5.57674,0.79266,24,5,,-0.2,0.086
119,House,21500,41,6,AL,200,,,"PALMER, Gary James",P000609,1954.0,,0.677,0.113,-1.13489,0.95381,24,0,,0.436,0.709
119,House,22140,41,1,AL,200,,,"MOORE, Barry",M001212,1966.0,,0.642,-0.245,-0.81305,0.96669,24,0,,0.889,-0.202
119,House,22366,41,5,AL,200,,,"STRONG, Dale",S001220,1970.0,,0.622,0.361,-0.18579,0.99229,24,0,,0.436,0.709
119,House,22515,41,2,AL,100,,,"FIGURES, Shomari",F000481,1985.0,,,,,,,,,-0.37,0.929
119,House,29701,41,4,AL,200,,,"ADERHOLT, Robert",A000055,1965.0,,0.405,0.467,-0.00052,0.99998,24,0,,0.436,0.709
119,House,22503,81,1,AK,200,,,"BEGICH, Nicholas J., III",B001323,1977.0,,,,,,,,,0.433,0.704
119,House,20305,61,7,AZ,100,,,"GRIJALVA, Raúl M.",G000551,1948.0,,-0.598,-0.264,-0.0,1.0,1,0,,-0.895,0.129
119,House,21103,61,9,AZ,200,,,"GOSAR, Paul",G000565,1958.0,,0.703,-0.515,-0.16255,0.99296,23,0,,0.889,-0.202
119,House,21105,61,1,AZ,200,,,"SCHWEIKERT, David",S001183,1962.0,,0.555,-0.226,-1.07739,0.9561,24,1,,0.497,-0.613
119,House,21705,61,5,AZ,200,,,"BIGGS, Andrew S.",B001302,1958.0,,0.818,-0.575,-0.05228,0.99763,22,0,,0.889,-0.202
119,House,21968,61,4,AZ,100,,,"STANTON, Greg",S001211,1970.0,,-0.279,0.265,-1.81192,0.91734,21,0,,-0.194,0.386
119,House,22309,61,6,AZ,200,,,"CISCOMANI, Juan",C001133,1982.0,,0.289,0.717,-0.02193,0.99896,21,0,,0.435,0.709
119,House,22311,61,2,AZ,200,,,"CRANE, Eli",C001132,1980.0,,0.739,-0.674,-0.12248,0.99491,24,0,,0.889,-0.202
119,House,22500,61,3,AZ,100,,,"ANSARI, Yassamin",A000381,1992.0,,,,,,,,,-0.987,0.158
119,House,22522,61,8,AZ,200,,,"HAMADEH, Abraham J.",H001098,1991.0,,,,,,,,,0.436,0.709
119,House,21106,42,1,AR,200,,,"CRAWFORD, Rick",C001087,1966.0,,0.46,0.308,-0.00443,0.99982,24,0,,0.436,0.709
119,House,21108,42,3,AR,200,,,"WOMACK, Steve",W000809,1957.0,,0.348,0.636,-0.00238,0.9999,24,0,,0.436,0.709
119,House,21503,42,2,AR,200,,,"HILL, French",H001072,1956.0,,0.437,0.271,-0.00336,0.99986,24,0,,0.436,0.709
119,House,21563,42,4,AR,200,,,"WESTERMAN, Bruce Eugene",W000821,1967.0,,0.546,0.252,-0.06175,0.99743,24,0,,0.436,0.709
119,House,15448,71,11,CA,100,,,"PELOSI, Nancy",P000197,1940.0,,-0.49,-0.181,-0.13176,0.98992,13,0,,-0.67,-0.66
119,House,20107,71,48,CA,200,,,"ISSA, Darrell",I000056,1953.0,,0.478,0.021,-0.06119,0.99745,24,0,,0.436,0.709
119,House,20310,71,38,CA,100,,,"SÁNCHEZ, Linda T.",S001156,1969.0,,-0.508,-0.131,-0.23131,0.99041,24,0,,-0.648,-0.61
119,House,20501,71,21,CA,100,,,"COSTA, Jim",C001059,1952.0,,-0.197,0.448,-5.58938,0.78426,23,3,,-0.418,0.908
119,House,20538,71,7,CA,100,,,"MATSUI, Doris",M001163,1944.0,,-0.433,-0.141,-2.33769,0.90719,24,1,,-0.7,0.714
119,House,20903,71,5,CA,200,,,"McCLINTOCK, Tom",M001177,1956.0,,0.672,-0.37,-4.17673,0.84027,24,2,,0.436,0.709
119,House,20955,71,28,CA,100,,,"CHU, Judy",C001080,1953.0,,-0.482,-0.371,-3.23917,0.86863,23,1,,-0.654,0.756
119,House,20958,71,8,CA,100,,,"GARAMENDI, John",G000559,1945.0,,-0.312,-0.095,-1.98662,0.88971,17,1,,-0.68,-0.586
119,House,21302,71,1,CA,200,,,"LaMALFA, Doug",L000578,1960.0,,0.541,0.009,-0.22349,0.99073,24,0,,0.436,0.709
119,House,21303,71,2,CA,100,,,"HUFFMAN, Jared",H001068,1964.0,,-0.43,-0.512,-0.18811,0.99219,24,0,,-0.648,-0.61
119,House,21304,71,6,CA,100,,,"BERA, Ami",B001287,1965.0,,-0.245,0.012,-3.56579,0.8367,20,3,,-0.495,0.291
119,House,21306,71,14,CA,100,,,"SWALWELL, Eric",S001193,1980.0,,-0.356,-0.047,-3.55685,0.84419,21,2,,-0.304,0.099
119,House,21307,71,22,CA,200,,,"VALADAO, David G.",V000129,1977.0,,0.258,0.438,-0.04497,0.99813,24,0,,0.436,0.709
119,House,21308,71,26,CA,100,,,"BROWNLEY, Julia",B001285,1952.0,,-0.301,0.052,-3.80828,0.8474,23,1,,-0.66,-0.572
119,House,21311,71,25,CA,100,,,"RUIZ, Raul",R000599,1972.0,,-0.257,0.046,-4.84073,0.80249,22,2,,-0.648,0.761
119,House,21312,71,39,CA,100,,,"TAKANO, Mark",T000472,1960.0,,-0.46,-0.328,-0.20378,0.99155,24,0,,-0.648,-0.61
119,House,21314,71,52,CA,100,,,"VARGAS, Juan",V000130,1961.0,,-0.396,0.024,-2.98313,0.87836,23,1,,-0.987,0.158
119,House,21315,71,50,CA,100,,,"PETERS, Scott",P000608,1958.0,,-0.192,-0.03,-6.04715,0.77727,24,4,,-0.491,0.69
119,House,21504,71,10,CA,100,,,"DESAULNIER, Mark James",D000623,1952.0,,-0.512,-0.364,-0.04918,0.99711,17,0,,-0.613,-0.634
119,House,21506,71,33,CA,100,,,"AGUILAR, Peter Rey",A000371,1979.0,,-0.32,0.14,-3.91202,0.84359,23,2,,-0.654,0.756
119,House,21507,71,36,CA,100,,,"LIEU, Ted",L000582,1969.0,,-0.374,-0.21,-2.44373,0.8992,23,1,,-0.654,0.756
119,House,21508,71,35,CA,100,,,"TORRES, Norma Judith",T000474,1965.0,,-0.369,0.07,-2.18677,0.9093,23,1,,-0.425,0.359
119,House,21703,71,44,CA,100,,,"BARRAGÁN, Nanette Diaz",B001300,1976.0,,-0.5,-0.121,-0.26139,0.98917,24,0,,-0.648,-0.61
119,House,21709,71,24,CA,100,,,"CARBAJAL, Salud",C001112,1964.0,,-0.322,0.104,-2.83796,0.88848,24,1,,-0.35,-0.006
119,House,21711,71,46,CA,100,,,"CORREA, Jose Luis",C001110,1958.0,,-0.283,0.153,-7.00487,0.66229,17,4,,-0.68,-0.586
119,House,21728,71,17,CA,100,,,"KHANNA, Rohit",K000389,1976.0,,-0.464,-0.307,-4.51701,0.82844,24,1,,-0.274,-0.594
119,House,21740,71,19,CA,100,,,"PANETTA, James Varni",P000613,1969.0,,-0.289,0.18,-3.6141,0.8602,24,3,,-0.379,0.477
119,House,21754,71,34,CA,100,,,"GOMEZ, Jimmy",G000585,1974.0,,-0.537,-0.267,-3.12171,0.87803,24,1,,-0.7,0.714
119,House,21907,71,31,CA,100,,,"CISNEROS, Gil",C001123,1971.0,,-0.432,0.661,-4.59871,0.82563,24,2,,-0.987,0.158
119,House,21930,71,9,CA,100,,,"HARDER, Josh",H001090,1986.0,,-0.31,0.499,-4.87607,0.81614,24,2,,-0.123,-0.064
119,House,21939,71,49,CA,100,,,"LEVIN, Mike",L000593,1978.0,,-0.321,0.171,-4.69068,0.82247,24,4,,-0.332,0.885
119,House,22126,71,51,CA,100,,,"JACOBS, Sara",J000305,1989.0,,-0.398,-0.438,-0.36235,0.98502,24,0,,-0.648,-0.61
119,House,22129,71,40,CA,200,,,"KIM, Young",K000397,1962.0,,0.254,0.373,-0.05209,0.99783,24,0,,0.436,0.709
119,House,22145,71,23,CA,200,,,"OBERNOLTE, Jay",O000019,1970.0,,0.316,0.283,-0.00969,0.99958,23,0,,0.436,0.709
119,House,22323,71,42,CA,100,,,"GARCIA, Robert",G000598,1977.0,,-0.384,-0.62,-0.30138,0.98752,24,0,,-0.648,-0.61
119,House,22333,71,37,CA,100,,,"KAMLAGER-DOVE, Sydney",K000400,1972.0,,-0.549,-0.481,-0.03328,0.99855,23,0,,-0.66,-0.572
119,House,22336,71,3,CA,200,,,"KILEY, Kevin",K000401,1985.0,,0.254,0.442,-0.05043,0.9979,24,0,,0.436,0.709
119,House,22354,71,15,CA,100,,,"MULLIN, Kevin",M001225,1970.0,,-0.47,-0.032,-1.98922,0.88957,17,1,,-0.495,0.291
119,House,22378,71,20,CA,200,,,"FONG, Vince",F000480,1979.0,,0.461,0.844,-0.00031,0.99999,24,0,,0.436,0.709
119,House,22516,71,30,CA,100,,,"FRIEDMAN, Laura",F000483,1966.0,,,,,,,,,-0.425,0.359
119,House,22521,71,13,CA,100,,,"GRAY, Adam",G000605,1977.0,,,,,,,,,-0.158,0.374
119,House,22532,71,16,CA,100,,,"LICCARDO, Sam T.",L000607,1970.0,,,,,,,,,-0.7,0.714
119,House,22541,71,47,CA,100,,,"MIN, Dave",M001241,1976.0,,,,,,,,,-0.151,-0.308
119,House,22550,71,29,CA,100,,,"RIVAS, Luz M.",R000620,1974.0,,,,,,,,,-0.66,-0.572
119,House,22553,71,12,CA,100,,,"SIMON, Lateefah",S001231,1977.0,,,,,,,,,-0.648,-0.61
119,House,22556,71,45,CA,100,,,"TRAN, Derek",T000491,1980.0,,,,,,,,,-0.123,-0.064
119,House,22559,71,27,CA,100,,,"WHITESIDES, George",W000830,1974.0,,,,,,,,,-0.148,0.369
119,House,29106,71,43,CA,100,,,"WATERS, Maxine",W000187,1938.0,,-0.656,-0.095,-2.99264,0.87799,23,1,,-0.693,0.721
119,House,29323,71,41,CA,200,,,"CALVERT, Ken",C000059,1953.0,,0.339,0.276,-0.0054,0.99978,24,0,,0.436,0.709
119,House,29504,71,18,CA,100,,,"LOFGREN, Zoe",L000397,1947.0,,-0.397,-0.405,-4.2433,0.83153,23,2,,-0.425,0.359
119,House,29707,71,32,CA,100,,,"SHERMAN, Brad",S000344,1954.0,,-0.344,-0.136,-2.34285,0.88399,19,2,,-0.647,0.762
119,House,29901,71,4,CA,100,,,"THOMPSON, Michael",T000460,1951.0,,-0.393,0.07,-2.51738,0.90042,24,2,,-0.35,-0.006
119,House,21912,62,6,CO,100,,,"CROW, Jason",C001121,1979.0,,-0.348,0.203,-3.87051,0.85106,24,1,,-0.648,-0.61
119,House,21948,62,2,CO,100,,,"NEGUSE, Joseph",N000191,1984.0,,-0.425,-0.11,-0.65433,0.9731,24,0,,-0.648,-0.61
119,House,22103,62,4,CO,200,,,"BOEBERT, Lauren",B000825,1986.0,,0.738,-0.496,-0.09933,0.99587,24,0,,0.889,-0.202
119,House,22359,62,7,CO,100,,,"PETTERSEN, Brittany",P000620,1981.0,,-0.353,0.314,-1.21076,0.81726,6,1,,-0.52,-0.854
119,House,22509,62,5,CO,200,,,"CRANK, Jeff",C001137,1967.0,,,,,,,,,0.889,-0.202
119,House,22513,62,8,CO,200,,,"EVANS, Gabe",E000300,1986.0,,,,,,,,,0.436,0.709
119,House,22526,62,3,CO,200,,,"HURD, Jeff",H001100,1979.0,,,,,,,,,0.436,0.709
119,House,29710,62,1,CO,100,,,"DeGETTE, Diana",D000197,1957.0,,-0.431,-0.308,-0.32622,0.9865,24,0,,-0.648,-0.61
119,House,20706,1,2,CT,100,,,"COURTNEY, Joe",C001069,1953.0,,-0.338,0.041,-5.71598,0.78807,24,3,,-0.199,-0.058
119,House,20907,1,4,CT,100,,,"HIMES, James A.",H001047,1966.0,,-0.242,-0.207,-2.89144,0.8865,24,1,,-0.255,-0.153
119,House,21931,1,5,CT,100,,,"HAYES, Jahana",H001081,1973.0,,-0.313,-0.059,-6.39054,0.76623,24,4,,-0.243,-0.072
119,House,29109,1,3,CT,100,,,"DeLAURO, Rosa L.",D000216,1943.0,,-0.415,-0.108,-1.60906,0.93515,24,1,,-0.304,-0.488
119,House,29908,1,1,CT,100,,,"LARSON, John B.",L000557,1948.0,,-0.396,-0.038,-2.71035,0.87892,21,2,,-0.35,-0.006
119,House,22535,11,1,DE,100,,,"MCBRIDE, Sarah",M001238,1990.0,,,,,,,,,-0.235,-0.446
119,House,20316,43,26,FL,200,,,"DIAZ-BALART, Mario",D000600,1961.0,,0.281,0.157,-0.04518,0.99785,21,0,,0.435,0.708
119,House,20504,43,25,FL,100,,,"WASSERMAN SCHULTZ, Debbie",W000797,1966.0,,-0.415,0.102,-3.03521,0.8812,24,2,,-0.473,0.504
119,House,20708,43,14,FL,100,,,"CASTOR, Kathy",C001066,1966.0,,-0.437,0.071,-1.02547,0.95817,24,0,,-0.648,-0.61
119,House,20709,43,16,FL,200,,,"BUCHANAN, Vernon G.",B001260,1951.0,,0.362,-0.085,-0.0244,0.99884,21,0,,0.436,0.709
119,House,20758,43,12,FL,200,,,"BILIRAKIS, Gus",B001257,1963.0,,0.423,-0.033,-0.03531,0.99853,24,0,,0.436,0.709
119,House,21116,43,11,FL,200,,,"WEBSTER, Daniel A.",W000806,1949.0,,0.522,-0.078,-0.26268,0.98813,22,0,,0.433,0.704
119,House,21118,43,24,FL,100,,,"WILSON, Frederica",W000808,1942.0,,-0.478,-0.006,-0.18293,0.98603,13,0,,-0.623,-0.606
119,House,21321,43,22,FL,100,,,"FRANKEL, Lois",F000462,1948.0,,-0.396,-0.027,-3.41805,0.86726,24,2,,-0.473,0.504
119,House,21714,43,2,FL,200,,,"DUNN, Neal Patrick",D000628,1953.0,,0.507,0.333,-0.01391,0.99942,24,0,,0.436,0.709
119,House,21735,43,21,FL,200,,,"MAST, Brian Jeffery",M001199,1980.0,,0.463,-0.352,-1.28832,0.94774,24,1,,0.497,-0.613
119,House,21744,43,5,FL,200,,,"RUTHERFORD, John Henry",R000609,1952.0,,0.432,0.067,-0.01737,0.99928,24,0,,0.436,0.709
119,House,21746,43,9,FL,100,,,"SOTO, Darren Michael",S001200,1978.0,,-0.349,0.194,-3.57668,0.86154,24,2,,-0.372,0.346
119,House,21971,43,17,FL,200,,,"STEUBE, William",S001214,1978.0,,0.691,-0.333,-0.29465,0.98727,23,0,,0.889,-0.202
119,House,21981,43,6,FL,200,,,"WALTZ, Michael",W000823,1974.0,,0.452,-0.113,-0.00399,0.99934,6,0,,0.682,0.732
119,House,22107,43,3,FL,200,,,"CAMMACK, Kat",C001039,1988.0,,0.59,-0.232,-0.98663,0.95972,24,0,,0.497,-0.613
119,House,22111,43,19,FL,200,,,"DONALDS, Byron",D000032,1978.0,,0.647,-0.27,-6.7432,0.74589,23,2,,0.497,-0.613
119,House,22116,43,18,FL,200,,,"FRANKLIN, C. Scott",F000472,1964.0,,0.623,0.184,-1.64398,0.93379,24,1,,0.819,0.573
119,House,22118,43,28,FL,200,,,"GIMENEZ, Carlos A.",G000593,1954.0,,0.331,0.133,-0.01583,0.99925,21,0,,0.452,0.852
119,House,22150,43,27,FL,200,,,"SALAZAR, Maria Elvira",S000168,1961.0,,0.271,0.159,-0.05769,0.9976,24,0,,0.436,0.709
119,House,22163,43,20,FL,100,,,"CHERFILUS-MCCORMICK, Sheila",C001127,1979.0,,-0.456,-0.019,-4.07246,0.84393,24,2,,-0.473,0.504
119,House,22302,43,4,FL,200,,,"BEAN, Aaron",B001314,1967.0,,0.674,-0.145,-0.73574,0.96981,24,0,,0.889,-0.202
119,House,22321,43,10,FL,100,,,"FROST, Maxwell",F000476,1997.0,,-0.425,-0.707,-0.14682,0.9939,24,0,,-0.648,-0.61
119,House,22341,43,15,FL,200,,,"LEE, Laurel",L000597,1974.0,,0.408,0.152,-0.00616,0.99974,24,0,,0.436,0.709
119,House,22343,43,13,FL,200,,,"LUNA, Anna",L000596,1989.0,,0.573,-0.503,-2.82913,0.86809,20,2,,0.819,0.573
119,House,22350,43,7,FL,200,,,"MILLS, Cory",M001216,1980.0,,0.6,-0.309,-0.92325,0.96226,24,0,,0.497,-0.613
119,House,22353,43,23,FL,100,,,"MOSKOWITZ, Jared",M001217,1980.0,,-0.234,0.317,-1.97807,0.92089,24,0,,-0.332,0.885
119,House,22523,43,8,FL,200,,,"HARIDOPOLOS, Mike",H001099,1970.0,,,,,,,,,0.436,0.709
119,House,20321,44,13,GA,100,,,"SCOTT, David",S001157,1945.0,,-0.303,0.169,-3.14139,0.87233,23,2,,-0.308,-0.452
119,House,20712,44,4,GA,100,,,"JOHNSON, Hank",J000288,1954.0,,-0.476,-0.055,-0.43434,0.98207,24,0,,-0.648,-0.61
119,House,21123,44,8,GA,200,,,"SCOTT, Austin",S001189,1969.0,,0.535,0.367,-0.02414,0.99899,24,0,,0.436,0.709
119,House,21513,44,1,GA,200,,,"CARTER, Buddy",C001103,1957.0,,0.557,0.344,-0.04755,0.99802,24,0,,0.436,0.709
119,House,21515,44,11,GA,200,,,"LOUDERMILK, Barry D.",L000583,1963.0,,0.68,0.019,-1.57346,0.93654,24,2,,0.436,0.709
119,House,21516,44,12,GA,200,,,"ALLEN, Rick W.",A000372,1951.0,,0.69,0.274,-0.80214,0.96713,24,0,,0.436,0.709
119,House,21944,44,6,GA,100,,,"McBATH, Lucy",M001208,1960.0,,-0.352,0.277,-5.78189,0.78591,24,5,,-0.487,0.873
119,House,22110,44,9,GA,200,,,"CLYDE, Andrew S.",C001116,1963.0,,0.82,-0.133,-0.06594,0.99726,24,0,,0.889,-0.202
119,House,22121,44,14,GA,200,,,"GREENE, Marjorie Taylor",G000596,1974.0,,0.8,-0.6,-0.07586,0.99671,23,0,,0.889,-0.202
119,House,22156,44,5,GA,100,,,"WILLIAMS, Nikema",W000788,1978.0,,-0.425,-0.417,-0.25906,0.98926,24,0,,-0.648,-0.61
119,House,22310,44,10,GA,200,,,"COLLINS, Mike",C001129,1967.0,,0.661,-0.267,-1.29153,0.94761,24,1,,0.497,-0.613
119,House,22346,44,7,GA,200,,,"MCCORMICK, Rich",M001218,1968.0,,0.889,0.457,-0.58663,0.97585,24,0,,0.889,-0.202
119,House,22527,44,3,GA,200,,,"JACK, Brian",J000311,,,,,,,,,,0.497,-0.613
119,House,29339,44,2,GA,100,,,"BISHOP, Sanford Dixon, Jr.",B000490,1947.0,,-0.287,0.447,-6.62086,0.74986,23,4,,-0.179,-0.196
119,House,20322,82,1,HI,100,,,"CASE, Ed",C001055,1952.0,,-0.205,-0.076,-4.62906,0.8177,23,4,,-0.308,-0.452
119,House,22369,82,2,HI,100,,,"TOKUDA, Jill",T000487,1976.0,,-0.467,-0.371,-0.16017,0.99335,24,0,,-0.648,-0.61
119,House,21920,63,1,ID,200,,,"FULCHER, Russell",F000469,1962.0,,0.644,-0.088,-1.31653,0.94662,24,1,,0.889,-0.202
119,House,29910,63,2,ID,200,,,"SIMPSON, Michael K.",S001148,1950.0,,0.296,0.312,-0.01575,0.99932,23,0,,0.472,0.686
119,House,20749,21,11,IL,100,,,"FOSTER, Bill",F000454,1955.0,,-0.237,-0.222,-2.59778,0.89741,24,1,,-0.304,-0.488
119,House,20954,21,5,IL,100,,,"QUIGLEY, Mike",Q000023,1958.0,,-0.326,-0.23,-1.11938,0.95039,22,0,,-0.283,-0.482
119,House,21326,21,10,IL,100,,,"SCHNEIDER, Brad",S001190,1961.0,,-0.194,-0.118,-4.74317,0.79783,21,3,,-0.487,0.775
119,House,21371,21,2,IL,100,,,"KELLY, Robin L.",K000385,1956.0,,-0.471,-0.02,-0.51812,0.97864,24,0,,-0.648,-0.61
119,House,21519,21,12,IL,200,,,"BOST, Mike",B001295,1960.0,,0.398,-0.032,-0.02817,0.99883,24,0,,0.436,0.709
119,House,21562,21,16,IL,200,,,"LaHOOD, Darin",L000585,1968.0,,0.461,0.217,-0.0092,0.99962,24,0,,0.436,0.709
119,House,21730,21,8,IL,100,,,"KRISHNAMOORTHI, S. Raja",K000391,1973.0,,-0.341,-0.01,-2.36111,0.9063,24,1,,-0.648,-0.61
119,House,21906,21,6,IL,100,,,"CASTEN, Sean",C001117,1971.0,,-0.646,0.441,-0.72164,0.97038,24,0,,-0.648,-0.61
119,House,21921,21,4,IL,100,,,"GARCÍA, Jesús",G000586,1956.0,,-0.422,-0.879,-4.70847,0.82186,24,1,,-0.24,-0.971
119,House,21979,21,14,IL,100,,,"UNDERWOOD, Lauren",U000040,1986.0,,-0.602,0.346,-0.65896,0.97292,24,0,,-0.648,-0.61
119,House,22138,21,15,IL,200,,,"MILLER, Mary E.",M001211,1959.0,,0.79,-0.152,-0.10287,0.99554,23,0,,0.889,-0.202
119,House,22304,21,13,IL,100,,,"BUDZINSKI, Nikki",B001315,1977.0,,-0.327,0.498,-5.75156,0.7869,24,2,,-0.299,0.265
119,House,22330,21,1,IL,100,,,"JACKSON, Jonathan",J000309,1966.0,,-0.358,-0.481,-5.96782,0.77146,23,2,,-0.187,-0.982
119,House,22360,21,3,IL,100,,,"RAMIREZ, Delia",R000617,1983.0,,-0.496,-0.868,-0.05876,0.99755,24,0,,-0.648,-0.61
119,House,22365,21,17,IL,100,,,"SORENSEN, Eric",S001225,1976.0,,-0.244,0.281,-2.86511,0.88747,24,1,,-0.2,0.086
119,House,29717,21,7,IL,100,,,"DAVIS, Danny K.",D000096,1941.0,,-0.486,-0.266,-0.17718,0.99264,24,0,,-0.648,-0.61
119,House,29911,21,9,IL,100,,,"SCHAKOWSKY, Janice D.",S001145,1944.0,,-0.602,-0.292,-0.05133,0.99786,24,0,,-0.648,-0.61
119,House,20757,22,7,IN,100,,,"CARSON, André",C001072,1974.0,,-0.434,0.031,-0.92772,0.96208,24,0,,-0.648,-0.61
119,House,21100,22,3,IN,200,,,"STUTZMAN, Marlin",S001188,1976.0,,0.734,-0.152,-2.07206,0.91729,24,1,,0.497,-0.613
119,House,21903,22,4,IN,200,,,"BAIRD, James",B001307,1945.0,,0.444,0.417,-0.00124,0.99995,24,0,,0.436,0.709
119,House,22142,22,1,IN,100,,,"MRVAN, Frank J.",M001214,1969.0,,-0.311,0.357,-1.95289,0.87793,15,1,,-0.222,-0.05
119,House,22151,22,5,IN,200,,,"SPARTZ, Victoria",S000929,1978.0,,0.489,-0.25,-2.75243,0.8824,22,1,,0.819,0.573
119,House,22171,22,2,IN,200,,,"YAKYM, Rudy, III",Y000067,1984.0,,0.51,0.137,-0.05429,0.99774,24,0,,0.436,0.709
119,House,22326,22,9,IN,200,,,"HOUCHIN, Erin",H001093,1976.0,,0.625,0.21,-0.37038,0.98403,23,0,,0.436,0.709
119,House,22540,22,8,IN,200,,,"MESSMER, Mark B.",M001233,1962.0,,,,,,,,,0.436,0.709
119,House,22552,22,6,IN,200,,,"SHREVE, Jefferson",S001229,1965.0,,,,,,,,,0.436,0.709
119,House,22113,31,4,IA,200,,,"FEENSTRA, Randy",F000446,1969.0,,0.469,0.176,-0.01571,0.99935,24,0,,0.436,0.709
119,House,22124,31,2,IA,200,,,"HINSON, Ashley",H001091,1983.0,,0.348,0.352,-0.00282,0.99988,23,0,,0.435,0.709
119,House,22139,31,1,IA,200,,,"MILLER-MEEKS, Mariannette",M001215,1955.0,,0.336,0.193,-0.00963,0.99958,23,0,,0.435,0.709
119,House,22356,31,3,IA,200,,,"NUNN, Zach",N000193,1979.0,,0.291,0.195,-0.02926,0.99878,24,0,,0.436,0.709
119,House,21750,32,4,KS,200,,,"ESTES, Ron",E000298,1956.0,,0.646,0.109,-1.34356,0.94556,24,1,,0.819,0.573
119,House,21914,32,3,KS,100,,,"DAVIDS, Sharice",D000629,1980.0,,-0.269,0.255,-4.13097,0.84187,24,2,,-0.123,-0.064
119,House,22134,32,1,KS,200,,,"MANN, Tracey",M000871,1976.0,,0.607,0.068,-1.68305,0.93228,24,1,,0.819,0.573
119,House,22551,32,2,KS,200,,,"SCHMIDT, Derek",S001228,1968.0,,,,,,,,,0.889,-0.202
119,House,14854,51,5,KY,200,,,"ROGERS, Harold Dallas (Hal)",R000395,1937.0,,0.333,0.152,-0.01353,0.99944,24,0,,0.436,0.709
119,House,20916,51,2,KY,200,,,"GUTHRIE, Brett",G000558,1964.0,,0.428,0.268,-0.00285,0.99988,24,0,,0.436,0.709
119,House,21333,51,6,KY,200,,,"BARR, Garland H. (Andy) IV",B001282,1973.0,,0.486,0.301,-0.00946,0.99961,24,0,,0.436,0.709
119,House,21565,51,1,KY,200,,,"COMER, James",C001108,1972.0,,0.593,-0.062,-0.70402,0.97109,24,0,,0.436,0.709
119,House,22347,51,3,KY,100,,,"MCGARVEY, Morgan",M001220,1979.0,,-0.542,0.031,-0.32101,0.98671,24,0,,-0.648,-0.61
119,House,31102,51,4,KY,200,,,"MASSIE, Thomas",M001184,1971.0,,0.678,-0.735,-7.67417,0.7163,23,2,,0.532,-0.847
119,House,20759,45,1,LA,200,,,"SCALISE, Steve",S001176,1965.0,,0.558,0.171,-0.07578,0.99671,23,0,,0.435,0.697
119,House,21724,45,3,LA,200,,,"HIGGINS, Clay",H001077,1961.0,,0.622,-0.312,-0.23938,0.98965,23,0,,0.823,-0.308
119,House,21727,45,4,LA,200,,,"JOHNSON, Mike",J000299,1972.0,,0.566,0.018,-0.15044,0.99286,21,0,,0.435,0.697
119,House,22157,45,5,LA,200,,,"LETLOW, Julia",L000595,1981.0,,0.425,0.355,-0.00109,0.99995,22,0,,0.436,0.709
119,House,22158,45,2,LA,100,,,"CARTER, Troy",C001125,1963.0,,-0.507,0.216,-2.39436,0.90505,24,1,,-0.304,-0.488
119,House,29354,45,6,LA,100,,,"FIELDS, Cleo",F000110,1962.0,,-0.457,0.073,-1.90291,0.92059,23,1,,-0.299,-0.47
119,House,20920,2,1,ME,100,,,"PINGREE, Chellie",P000597,1955.0,,-0.421,-0.367,-0.29964,0.98583,21,0,,-0.66,-0.572
119,House,21923,2,2,ME,100,,,"GOLDEN, Jared",G000592,1982.0,,-0.102,0.357,-2.17639,0.91331,24,0,,-0.158,0.374
119,House,14873,52,5,MD,100,,,"HOYER, Steny Hamilton",H000874,1939.0,,-0.381,0.122,-2.48539,0.90162,24,1,,-0.35,-0.006
119,House,15433,52,7,MD,100,,,"MFUME, Kweisi",M000687,1948.0,,-0.443,-0.331,-2.12129,0.9119,23,1,,-0.304,-0.488
119,House,21139,52,1,MD,200,,,"HARRIS, Andy",H001052,1957.0,,0.671,-0.373,-1.5145,0.93348,22,1,,0.476,-0.688
119,House,21741,52,8,MD,100,,,"RASKIN, Jamie Ben",R000606,1962.0,,-0.514,-0.235,-0.14414,0.99401,24,0,,-0.648,-0.61
119,House,22329,52,4,MD,100,,,"IVEY, Glenn",I000058,1961.0,,-0.476,-0.018,-2.16562,0.91372,24,1,,-0.304,-0.488
119,House,22512,52,3,MD,100,,,"ELFRETH, Sarah",E000301,1988.0,,,,,,,,,-0.304,-0.488
119,House,22536,52,6,MD,100,,,"MCCLAIN DELANEY, April",M001232,1964.0,,,,,,,,,-0.332,0.885
119,House,22545,52,2,MD,100,,,"OLSZEWSKI, Johnny, Jr.",O000176,1982.0,,,,,,,,,-0.304,-0.488
119,House,15616,3,1,MA,100,,,"NEAL, Richard Edmund",N000015,1949.0,,-0.417,-0.107,-1.62757,0.92542,21,1,,-0.303,-0.489
119,House,20119,3,8,MA,100,,,"LYNCH, Stephen F.",L000562,1955.0,,-0.346,0.051,-5.97907,0.75223,21,3,,-0.196,-0.067
119,House,21140,3,9,MA,100,,,"KEATING, William R.",K000375,1952.0,,-0.332,-0.098,-1.6053,0.9353,24,0,,-0.304,-0.488
119,House,21375,3,5,MA,100,,,"CLARK, Katherine M.",C001101,1963.0,,-0.484,-0.27,-0.17927,0.99256,24,0,,-0.648,-0.61
119,House,21525,3,6,MA,100,,,"MOULTON, Seth",M001196,1978.0,,-0.284,-0.04,-3.04401,0.86506,21,1,,-0.659,-0.572
119,House,21955,3,7,MA,100,,,"PRESSLEY, Ayanna",P000617,1974.0,,-0.349,-0.937,-0.37894,0.98433,24,0,,-0.648,-0.61
119,House,21977,3,3,MA,100,,,"TRAHAN, Lori",T000482,1973.0,,-0.423,-0.135,-3.42122,0.86714,24,1,,-0.274,-0.594
119,House,22100,3,4,MA,100,,,"AUCHINCLOSS, Jake",A000148,1988.0,,-0.307,-0.267,-2.59344,0.89757,24,1,,-0.35,-0.006
119,House,29729,3,2,MA,100,,,"McGOVERN, James P.",M000312,1959.0,,-0.538,-0.338,-0.07164,0.99702,24,0,,-0.648,-0.61
119,House,20725,23,5,MI,200,,,"WALBERG, Tim",W000798,1951.0,,0.499,0.158,-0.03703,0.99846,24,0,,0.436,0.709
119,House,21142,23,4,MI,200,,,"HUIZENGA, Bill",H001058,1969.0,,0.533,0.042,-0.15938,0.99338,24,0,,0.436,0.709
119,House,21526,23,2,MI,200,,,"MOOLENAAR, John",M001194,1961.0,,0.448,0.162,-0.01074,0.99955,24,0,,0.436,0.709
119,House,21529,23,6,MI,100,,,"DINGELL, Debbie",D000624,1953.0,,-0.4,-0.188,-0.63472,0.96876,20,0,,-0.66,-0.572
119,House,21704,23,1,MI,200,,,"BERGMAN, John",B001301,1947.0,,0.432,0.08,-0.0135,0.99939,22,0,,0.436,0.709
119,House,21972,23,11,MI,100,,,"STEVENS, Haley",S001215,1983.0,,-0.394,0.269,-3.31419,0.87102,24,2,,-0.987,0.158
119,House,21975,23,12,MI,100,,,"TLAIB, Rashida",T000481,1976.0,,-0.29,-0.957,-0.74079,0.96961,24,0,,-0.648,-0.61
119,House,22136,23,9,MI,200,,,"MCCLAIN, Lisa C.",M001136,1966.0,,0.551,0.149,-0.12386,0.99383,20,0,,0.426,0.693
119,House,22332,23,10,MI,200,,,"JAMES, John",J000307,1981.0,,0.311,0.413,-0.00766,0.99968,24,0,,0.436,0.709
119,House,22363,23,3,MI,100,,,"SCHOLTEN, Hillary",S001221,1982.0,,-0.255,0.211,-2.85456,0.88786,24,1,,-0.2,0.086
119,House,22368,23,13,MI,100,,,"THANEDAR, Shri",T000488,1955.0,,-0.364,-0.02,-3.31031,0.86595,23,2,,-0.987,0.158
119,House,22501,23,7,MI,200,,,"BARRETT, Tom",B001321,1981.0,,,,,,,,,0.436,0.709
119,House,22537,23,8,MI,100,,,"MCDONALD RIVET, Kristen",M001237,1970.0,,,,,,,,,-0.2,0.086
119,House,20122,33,4,MN,100,,,"McCOLLUM, Betty",M001143,1954.0,,-0.419,-0.185,-0.55741,0.97704,24,0,,-0.648,-0.61
119,House,21531,33,6,MN,200,,,"EMMER, Thomas Earl II",E000294,1961.0,,0.467,-0.072,-0.09606,0.99601,24,0,,0.436,0.709
119,House,21910,33,2,MN,100,,,"CRAIG, Angela",C001119,1972.0,,-0.26,0.59,-2.34465,0.90693,24,1,,-0.158,0.374
119,House,21950,33,5,MN,100,,,"OMAR, Ilhan",O000173,1982.0,,-0.296,-0.955,-3.10547,0.87863,24,1,,-0.24,-0.971
119,House,21969,33,8,MN,200,,,"STAUBER, Peter",S001212,1966.0,,0.383,-0.096,-0.04557,0.9981,24,0,,0.436,0.709
119,House,22114,33,7,MN,200,,,"FISCHBACH, Michelle",F000470,1965.0,,0.538,-0.028,-0.25655,0.98937,24,0,,0.436,0.709
119,House,22167,33,1,MN,200,,,"FINSTAD, Brad",F000475,1976.0,,0.547,-0.044,-0.32492,0.98655,24,0,,0.436,0.709
119,House,22544,33,3,MN,100,,,"MORRISON, Kelly",M001234,1969.0,,,,,,,,,-0.235,-0.446
119,House,21561,46,1,MS,200,,,"KELLY, Trent",K000388,1966.0,,0.638,0.294,-0.32859,0.9864,24,0,,0.436,0.709
119,House,21927,46,3,MS,200,,,"GUEST, Michael",G000591,1970.0,,0.53,0.126,-0.08967,0.99627,24,0,,0.436,0.709
119,House,22319,46,4,MS,200,,,"EZELL, Mike",E000235,1959.0,,0.559,0.181,-0.12215,0.99492,24,0,,0.436,0.709
119,House,29368,46,2,MS,100,,,"THOMPSON, Bennie",T000193,1948.0,,-0.518,0.39,-1.28564,0.94784,24,0,,-0.648,-0.61
119,House,20124,34,6,MO,200,,,"GRAVES, Samuel",G000546,1963.0,,0.448,0.164,-0.00584,0.99975,23,0,,0.472,0.686
119,House,20517,34,5,MO,100,,,"CLEAVER, Emanuel, II",C001061,1944.0,,-0.453,0.0,-0.6797,0.97088,23,0,,-0.648,-0.61
119,House,21337,34,2,MO,200,,,"WAGNER, Ann",W000812,1962.0,,0.39,0.297,-0.00179,0.99992,23,0,,0.436,0.709
119,House,21373,34,8,MO,200,,,"SMITH, Jason",S001195,1980.0,,0.577,0.209,-0.15205,0.99341,23,0,,0.436,0.709
119,House,22300,34,4,MO,200,,,"ALFORD, Mark",A000379,1963.0,,0.586,0.039,-0.40933,0.98309,24,0,,0.436,0.709
119,House,22305,34,7,MO,200,,,"BURLISON, Eric",B001316,1976.0,,0.712,-0.519,-0.14107,0.99389,23,0,,0.889,-0.202
119,House,22504,34,1,MO,100,,,"BELL, Wesley",B001324,1974.0,,,,,,,,,-0.987,0.158
119,House,22546,34,3,MO,200,,,"ONDER, Robert F., Jr.",O000177,1962.0,,,,,,,,,0.889,-0.201
119,House,21532,64,1,MT,200,,,"ZINKE, Ryan",Z000018,1961.0,,0.44,-0.137,-0.10007,0.99584,24,0,,0.436,0.709
119,House,22511,64,2,MT,200,,,"DOWNING, Troy",D000634,1967.0,,,,,,,,,0.889,-0.202
119,House,20729,35,3,NE,200,,,"SMITH, Adrian",S001172,1970.0,,0.511,0.251,-0.02602,0.99892,24,0,,0.436,0.709
119,House,21701,35,2,NE,200,,,"BACON, Donald J.",B001298,1963.0,,0.286,0.189,-0.03211,0.99854,22,0,,0.434,0.704
119,House,22166,35,1,NE,200,,,"FLOOD, Mike",F000474,1975.0,,0.461,0.759,-0.00033,0.99999,24,0,,0.436,0.709
119,House,20927,65,1,NV,100,,,"TITUS, Alice (Dina)",T000468,1950.0,,-0.298,-0.165,-5.80614,0.78512,24,3,,-0.199,-0.058
119,House,21196,65,2,NV,200,,,"AMODEI, Mark E.",A000369,1958.0,,0.385,0.21,-0.00378,0.99984,24,0,,0.436,0.709
119,House,21339,65,4,NV,100,,,"HORSFORD, Steven",H001066,1973.0,,-0.322,0.145,-5.02843,0.81098,24,5,,-0.332,0.885
119,House,21938,65,3,NV,100,,,"LEE, Susie",L000590,1966.0,,-0.23,0.308,-2.31595,0.90801,24,1,,-0.158,0.374
119,House,21951,4,1,NH,100,,,"PAPPAS, Chris",P000614,1980.0,,-0.235,0.344,-2.3226,0.90776,24,1,,-0.158,0.374
119,House,22520,4,2,NH,100,,,"GOODLANDER, Maggie",G000604,1986.0,,,,,,,,,-0.2,0.086
119,House,14863,12,4,NJ,200,,,"SMITH, Christopher Henry",S000522,1953.0,,0.18,-0.173,-1.51993,0.93863,24,0,,0.436,0.709
119,House,15454,12,6,NJ,100,,,"PALLONE, Frank, Jr.",P000034,1951.0,,-0.402,-0.163,-3.48123,0.86498,24,1,,-0.987,0.158
119,House,21536,12,1,NJ,100,,,"NORCROSS, Donald",N000188,1958.0,,-0.419,0.34,-2.72363,0.88832,23,1,,-0.473,0.504
119,House,21538,12,12,NJ,100,,,"WATSON COLEMAN, Bonnie",W000822,1945.0,,-0.596,-0.223,-0.07416,0.99691,24,0,,-0.648,-0.61
119,House,21723,12,5,NJ,100,,,"GOTTHEIMER, Josh S.",G000583,1975.0,,-0.162,0.211,-3.94722,0.82089,20,2,,-0.376,0.891
119,House,21964,12,11,NJ,100,,,"SHERRILL, Mikie",S001207,1972.0,,-0.234,0.25,-2.89578,0.87119,21,1,,-0.32,0.253
119,House,22334,12,7,NJ,200,,,"KEAN, Thomas",K000398,1968.0,,0.195,0.372,-0.28785,0.98756,23,0,,0.434,0.703
119,House,22348,12,8,NJ,100,,,"MENENDEZ, Robert",M001226,1985.0,,-0.502,0.249,-2.00096,0.92001,24,1,,-0.987,0.158
119,House,22381,12,10,NJ,100,,,"MCIVER, LaMonica",M001229,1986.0,,-0.482,-0.206,-0.23386,0.9903,24,0,,-0.648,-0.61
119,House,22508,12,3,NJ,100,,,"CONAWAY, Herbert C., Jr.",C001136,1963.0,,,,,,,,,-0.235,-0.446
119,House,22547,12,9,NJ,100,,,"POU, Nellie",P000621,1956.0,,,,,,,,,-0.304,-0.488
119,House,91980,12,2,NJ,200,,,"VAN DREW, Jefferson",V000133,1953.0,,0.382,-0.445,-0.45841,0.98027,23,0,,0.436,0.709
119,House,22131,66,3,NM,100,,,"LEGER FERNANDEZ, Teresa",L000273,1959.0,,-0.357,-0.189,-0.55577,0.9696,18,0,,-0.608,-0.628
119,House,22159,66,1,NM,100,,,"STANSBURY, Melanie Ann",S001218,1979.0,,-0.459,-0.181,-0.33919,0.98597,24,0,,-0.648,-0.61
119,House,22371,66,2,NM,100,,,"VASQUEZ, Gabriel",V000136,1984.0,,-0.314,0.514,-6.4491,0.76436,24,4,,-0.255,-0.153
119,House,20733,13,9,NY,100,,,"CLARKE, Yvette Diane",C001067,1964.0,,-0.607,-0.257,-0.05929,0.99753,24,0,,-0.648,-0.61
119,House,20934,13,20,NY,100,,,"TONKO, Paul",T000469,1949.0,,-0.415,-0.262,-0.46105,0.98097,24,0,,-0.648,-0.61
119,House,21342,13,6,NY,100,,,"MENG, Grace",M001188,1975.0,,-0.372,-0.207,-3.81715,0.85296,24,1,,-0.987,0.158
119,House,21343,13,8,NY,100,,,"JEFFRIES, Hakeem",J000294,1970.0,,-0.487,-0.065,-0.37152,0.98464,24,0,,-0.648,-0.61
119,House,21541,13,21,NY,200,,,"STEFANIK, Elise M",S001196,1984.0,,0.305,-0.115,-0.11289,0.9951,23,0,,0.436,0.709
119,House,21715,13,13,NY,100,,,"ESPAILLAT, Adriano J.",E000297,1954.0,,-0.536,-0.207,-0.12756,0.9947,24,0,,-0.648,-0.61
119,House,21747,13,3,NY,100,,,"SUOZZI, Thomas",S001201,1962.0,,-0.221,0.13,-2.95508,0.88415,24,1,,-0.158,0.374
119,House,21749,13,24,NY,200,,,"TENNEY, Claudia",T000478,1961.0,,0.463,0.007,-0.05019,0.99782,23,0,,0.435,0.709
119,House,21761,13,25,NY,100,,,"MORELLE, Joseph D.",M001206,1957.0,,-0.331,0.157,-4.43585,0.83125,24,2,,-0.251,-0.024
119,House,21949,13,14,NY,100,,,"OCASIO-CORTEZ, Alexandria",O000172,1989.0,,-0.317,-0.948,-0.54812,0.97742,24,0,,-0.648,-0.61
119,House,22117,13,2,NY,200,,,"GARBARINO, Andrew R.",G000597,1984.0,,0.244,0.236,-0.0916,0.99619,24,0,,0.436,0.709
119,House,22133,13,11,NY,200,,,"MALLIOTAKIS, Nicole",M000317,1980.0,,0.339,-0.08,-0.05691,0.99763,24,0,,0.436,0.709
119,House,22154,13,15,NY,100,,,"TORRES, Ritchie",T000486,1988.0,,-0.306,-0.108,-7.43745,0.73352,24,4,,-0.37,0.929
119,House,22169,13,18,NY,100,,,"RYAN, Patrick",R000579,1982.0,,-0.24,0.266,-6.41308,0.76551,24,4,,-0.22,-0.071
119,House,22324,13,10,NY,100,,,"GOLDMAN, Daniel",G000599,1976.0,,-0.442,0.135,-2.43071,0.8954,22,1,,-0.987,0.158
119,House,22337,13,1,NY,200,,,"LALOTA, Nicholas",L000598,1978.0,,0.254,0.096,-0.11509,0.99522,24,0,,0.436,0.709
119,House,22339,13,23,NY,200,,,"LANGWORTHY, Nick",L000600,1981.0,,0.418,-0.06,-0.04117,0.99829,24,0,,0.436,0.709
119,House,22340,13,17,NY,200,,,"LAWLER, Michael",L000599,1986.0,,0.188,0.254,-0.34361,0.98377,21,0,,0.434,0.704
119,House,22377,13,26,NY,100,,,"KENNEDY, Timothy M.",K000402,1976.0,,-0.349,0.208,-3.1879,0.87561,24,1,,-0.235,-0.446
119,House,22518,13,4,NY,100,,,"GILLEN, Laura",G000602,1969.0,,,,,,,,,-0.158,0.374
119,House,22531,13,16,NY,100,,,"LATIMER, George",L000606,1953.0,,,,,,,,,-0.473,0.504
119,House,22534,13,22,NY,100,,,"MANNION, John W.",M001231,1968.0,,,,,,,,,-0.131,-0.196
119,House,22549,13,19,NY,100,,,"RILEY, Josh",R000622,1981.0,,,,,,,,,-0.154,0.362
119,House,29377,13,12,NY,100,,,"NADLER, Jerrold Lewis",N000002,1947.0,,-0.507,-0.479,-0.06105,0.99735,23,0,,-0.66,-0.572
119,House,29378,13,7,NY,100,,,"VELÁZQUEZ, Nydia M.",V000081,1953.0,,-0.546,-0.367,-0.05803,0.99759,24,0,,-0.648,-0.61
119,House,29776,13,5,NY,100,,,"MEEKS, Gregory W.",M001137,1953.0,,-0.416,-0.063,-0.85432,0.96503,24,0,,-0.648,-0.61
119,House,20521,47,5,NC,200,,,"FOXX, Virginia Ann",F000450,1943.0,,0.624,0.172,-1.6201,0.92575,21,1,,0.819,0.573
119,House,21346,47,9,NC,200,,,"HUDSON, Richard",H001067,1971.0,,0.523,0.211,-0.04578,0.99809,24,0,,0.436,0.709
119,House,21544,47,7,NC,200,,,"ROUZER, David",R000603,1972.0,,0.566,0.289,-0.07884,0.99672,24,0,,0.436,0.709
119,House,21545,47,12,NC,100,,,"ADAMS, Alma",A000370,1946.0,,-0.464,-0.005,-0.59303,0.97559,24,0,,-0.648,-0.61
119,House,21987,47,3,NC,200,,,"MURPHY, Gregory Francis",M001210,1963.0,,0.486,0.126,-0.03375,0.99853,23,0,,0.436,0.709
119,House,22149,47,2,NC,100,,,"ROSS, Deborah K.",R000305,1963.0,,-0.401,0.026,-1.62646,0.93448,24,1,,-0.304,-0.488
119,House,22314,47,1,NC,100,,,"DAVIS, Don",D000230,1971.0,,-0.255,0.877,-2.39132,0.90125,23,1,,-0.162,0.471
119,House,22318,47,11,NC,200,,,"EDWARDS, Chuck",E000246,1960.0,,0.381,0.476,-0.00074,0.99997,24,0,,0.436,0.709
119,House,22320,47,4,NC,100,,,"FOUSHEE, Valerie",F000477,1956.0,,-0.53,-0.254,-0.11083,0.99539,24,0,,-0.648,-0.61
119,House,22524,47,10,NC,200,,,"HARRIGAN, Pat",H001101,1987.0,,,,,,,,,0.889,-0.202
119,House,22525,47,8,NC,200,,,"HARRIS, Mark",H001102,1966.0,,,,,,,,,0.889,-0.202
119,House,22530,47,13,NC,200,,,"KNOTT, Brad",K000405,1986.0,,,,,,,,,0.889,-0.202
119,House,22538,47,6,NC,200,,,"MCDOWELL, Addison P.",M001240,1994.0,,,,,,,,,0.497,-0.613
119,House,22542,47,14,NC,200,,,"MOORE, Tim",M001236,1970.0,,,,,,,,,0.436,0.709
119,House,22514,36,1,ND,200,,,"FEDORCHAK, Julie",F000482,1968.0,,,,,,,,,0.436,0.709
119,House,15029,24,9,OH,100,,,"KAPTUR, Marcia Carolyn (Marcy)",K000009,1946.0,,-0.345,0.13,-11.62652,0.61604,24,6,,-0.123,-0.064
119,House,20342,24,10,OH,200,,,"TURNER, Michael R.",T000463,1960.0,,0.267,0.254,-0.04365,0.99792,21,0,,0.472,0.685
119,House,20738,24,4,OH,200,,,"JORDAN, Jim",J000289,1964.0,,0.715,-0.189,-0.33451,0.98616,24,0,,0.889,-0.202
119,House,20755,24,5,OH,200,,,"LATTA, Robert E.",L000566,1956.0,,0.509,0.284,-0.01994,0.99917,24,0,,0.436,0.709
119,House,21352,24,3,OH,100,,,"BEATTY, Joyce",B001281,1950.0,,-0.436,0.011,-2.08207,0.9097,22,1,,-0.697,0.717
119,House,21353,24,14,OH,200,,,"JOYCE, David",J000295,1957.0,,0.251,0.315,-0.06213,0.99741,24,0,,0.436,0.709
119,House,21564,24,8,OH,200,,,"DAVIDSON, Warren",D000626,1970.0,,0.656,-0.358,-0.46291,0.97918,22,0,,0.889,-0.203
119,House,21759,24,12,OH,200,,,"BALDERSON, Troy",B001306,1962.0,,0.46,0.2,-0.01023,0.99957,24,0,,0.436,0.709
119,House,22161,24,11,OH,100,,,"BROWN, Shontel  M.",B001313,1975.0,,-0.449,-0.118,-0.48014,0.98019,24,0,,-0.648,-0.61
119,House,22162,24,15,OH,200,,,"CAREY, Mike",C001126,1971.0,,0.407,-0.001,-0.023,0.999,23,0,,0.436,0.709
119,House,22338,24,1,OH,100,,,"LANDSMAN, Greg",L000601,1976.0,,-0.221,0.221,-4.51898,0.82837,24,2,,-0.37,0.929
119,House,22349,24,7,OH,200,,,"MILLER, Max",M001222,1988.0,,0.389,0.048,-0.0143,0.9994,24,0,,0.436,0.709
119,House,22367,24,13,OH,100,,,"SYKES, Emilia",S001223,1986.0,,-0.322,0.151,-4.92872,0.81435,24,4,,-0.37,0.929
119,House,22379,24,6,OH,200,,,"RULLI, Michael A.",R000619,1969.0,,0.405,-0.084,-0.04484,0.99813,24,0,,0.436,0.709
119,House,22555,24,2,OH,200,,,"TAYLOR, David J.",T000490,1969.0,,,,,,,,,0.436,0.709
119,House,20344,53,4,OK,200,,,"COLE, Tom",C001053,1949.0,,0.323,0.412,-0.00509,0.99979,24,0,,0.436,0.709
119,House,21760,53,1,OK,200,,,"HERN, Kevin",H001082,1961.0,,0.681,-0.06,-1.43726,0.93676,22,1,,0.476,-0.688
119,House,22102,53,5,OK,200,,,"BICE, Stephanie I.",B000740,1973.0,,0.412,0.325,-0.00143,0.99994,24,0,,0.436,0.709
119,House,22303,53,2,OK,200,,,"BRECHEEN, Josh",B001317,1979.0,,0.853,-0.476,-0.04748,0.99774,21,0,,0.888,-0.213
119,House,29393,53,3,OK,200,,,"LUCAS, Frank D.",L000491,1960.0,,0.361,0.452,-0.00138,0.99994,24,0,,0.436,0.709
119,House,21198,72,1,OR,100,,,"BONAMICI, Suzanne",B001278,1954.0,,-0.398,-0.417,-0.38043,0.98427,24,0,,-0.648,-0.61
119,House,22101,72,2,OR,200,,,"BENTZ, Cliff",B000668,1952.0,,0.479,0.26,-0.01058,0.99956,24,0,,0.436,0.709
119,House,22327,72,4,OR,100,,,"HOYLE, Val",H001094,1964.0,,-0.221,-0.373,-5.14981,0.80688,24,3,,-0.165,-0.323
119,House,22361,72,6,OR,100,,,"SALINAS, Andrea",S001226,1969.0,,-0.208,-0.199,-3.05893,0.88033,24,0,,-0.235,-0.446
119,House,22507,72,5,OR,100,,,"BYNUM, Janelle S.",B001326,1975.0,,,,,,,,,-0.2,0.086
119,House,22510,72,3,OR,100,,,"DEXTER, Maxine",D000635,1972.0,,,,,,,,,-0.648,-0.61
119,House,20946,14,15,PA,200,,,"THOMPSON, Glenn",T000467,1959.0,,0.335,0.334,-0.00447,0.99981,24,0,,0.436,0.709
119,House,21167,14,16,PA,200,,,"KELLY, Mike",K000376,1948.0,,0.377,0.396,-0.0011,0.99995,24,0,,0.436,0.709
119,House,21356,14,10,PA,200,,,"PERRY, Scott",P000605,1962.0,,0.681,-0.479,-0.23818,0.99012,24,0,,0.889,-0.202
119,House,21548,14,2,PA,100,,,"BOYLE, Brendan Francis",B001296,1977.0,,-0.382,0.152,-6.31027,0.74046,21,3,,-0.371,0.905
119,House,21566,14,3,PA,100,,,"EVANS, Dwight",E000296,1954.0,,-0.467,-0.156,-0.2864,0.98707,22,0,,-0.66,-0.572
119,House,21718,14,1,PA,200,,,"FITZPATRICK, Brian K.",F000466,1973.0,,0.138,-0.097,-2.28984,0.90115,22,0,,0.434,0.704
119,House,21745,14,11,PA,200,,,"SMUCKER, Lloyd K.",S001199,1964.0,,0.453,0.133,-0.01518,0.99934,23,0,,0.436,0.709
119,House,21762,14,5,PA,100,,,"SCANLON, Mary Gay",S001205,1959.0,,-0.443,-0.218,-0.3675,0.9848,24,0,,-0.648,-0.61
119,House,21915,14,4,PA,100,,,"DEAN, Madeleine",D000631,1959.0,,-0.447,-0.071,-0.57323,0.9764,24,0,,-0.648,-0.61
119,House,21934,14,6,PA,100,,,"HOULAHAN, Christina",H001085,1967.0,,-0.262,0.253,-6.2156,0.76319,23,4,,-0.255,-0.153
119,House,21936,14,13,PA,200,,,"JOYCE, John",J000302,1957.0,,0.576,-0.015,-1.95694,0.9217,24,1,,0.819,0.573
119,House,21945,14,9,PA,200,,,"MEUSER, Dan",M001204,1964.0,,0.492,0.192,-0.02434,0.99899,24,0,,0.436,0.709
119,House,21956,14,14,PA,200,,,"RESCHENTHALER, Guy",R000610,1983.0,,0.444,0.056,-0.02355,0.99902,24,0,,0.436,0.709
119,House,22316,14,17,PA,100,,,"DELUZIO, Chris",D000530,1984.0,,-0.241,-0.148,-3.50363,0.86417,24,2,,-0.254,-0.27
119,House,22342,14,12,PA,100,,,"LEE, Summer",L000602,1987.0,,-0.414,-0.91,-0.16865,0.993,24,0,,-0.648,-0.61
119,House,22506,14,8,PA,200,,,"BRESNAHAN, Robert P., Jr.",B001327,1990.0,,,,,,,,,0.436,0.709
119,House,22533,14,7,PA,200,,,"MACKENZIE, Ryan",M001230,1982.0,,,,,,,,,0.436,0.709
119,House,22345,5,2,RI,100,,,"MAGAZINER, Seth",M001223,1983.0,,-0.338,0.207,-3.26882,0.87267,24,2,,-0.255,-0.153
119,House,22375,5,1,RI,100,,,"AMO, Gabe",A000380,1987.0,,-0.485,-0.007,-2.26695,0.90987,24,1,,-0.304,-0.488
119,House,20138,48,2,SC,200,,,"WILSON, Addison Graves (Joe)",W000795,1947.0,,0.53,0.162,-0.07271,0.99654,21,0,,0.433,0.702
119,House,21753,48,5,SC,200,,,"NORMAN, Ralph",N000190,1953.0,,0.847,-0.383,-0.03772,0.99836,23,0,,0.889,-0.202
119,House,21974,48,4,SC,200,,,"TIMMONS, William",T000480,1984.0,,0.599,0.056,-1.84845,0.92587,24,1,,0.497,-0.613
119,House,22132,48,1,SC,200,,,"MACE, Nancy",M000194,1977.0,,0.338,-0.284,-0.21275,0.99117,24,0,,0.436,0.709
119,House,22322,48,7,SC,200,,,"FRY, Russell",F000478,1985.0,,0.528,-0.272,-2.6167,0.8967,24,2,,0.889,-0.202
119,House,22505,48,3,SC,200,,,"BIGGS, Sheri",B001325,1970.0,,,,,,,,,0.889,-0.202
119,House,39301,48,6,SC,100,,,"CLYBURN, James Enos",C000537,1940.0,,-0.466,0.247,-4.15263,0.83481,23,2,,-0.462,0.538
119,House,21935,37,1,SD,200,,,"JOHNSON, Dustin",J000301,1976.0,,0.465,0.138,-0.01925,0.9992,24,0,,0.436,0.709
119,House,20748,54,9,TN,100,,,"COHEN, Stephen",C001068,1949.0,,-0.391,-0.294,-3.57371,0.86165,24,2,,-0.35,-0.006
119,House,21178,54,3,TN,200,,,"FLEISCHMANN, Chuck",F000459,1962.0,,0.432,0.392,-0.00112,0.99995,24,0,,0.436,0.709
119,House,21179,54,4,TN,200,,,"DESJARLAIS, Scott",D000616,1964.0,,0.579,-0.051,-0.55234,0.97521,22,0,,0.436,0.709
119,House,21731,54,8,TN,200,,,"KUSTOFF, David",K000392,1966.0,,0.542,0.343,-0.03327,0.99855,23,0,,0.436,0.709
119,House,21905,54,2,TN,200,,,"BURCHETT, Timothy",B001309,1964.0,,0.666,-0.423,-0.33786,0.98602,24,0,,0.889,-0.202
119,House,21926,54,7,TN,200,,,"GREEN, Mark",G000590,1964.0,,0.67,0.016,-1.35271,0.94288,23,1,,0.889,-0.202
119,House,21959,54,6,TN,200,,,"ROSE, John",R000612,1965.0,,0.666,0.114,-0.98429,0.95625,22,0,,0.436,0.709
119,House,22122,54,1,TN,200,,,"HARSHBARGER, Diana",H001086,1960.0,,0.677,-0.083,-0.87524,0.961,22,0,,0.889,-0.202
119,House,22357,54,5,TN,200,,,"OGLES, Andy",O000175,1971.0,,0.803,-0.358,-0.02758,0.99855,19,0,,0.979,-0.134
119,House,20356,49,31,TX,200,,,"CARTER, John R.",C001051,1941.0,,0.486,0.553,-0.0018,0.99993,24,0,,0.436,0.709
119,House,20529,49,9,TX,100,,,"GREEN, Al",G000553,1947.0,,-0.445,0.264,-1.73026,0.93044,24,0,,-0.648,-0.61
119,House,20530,49,10,TX,200,,,"McCAUL, Michael T.",M001157,1962.0,,0.411,0.172,-0.00533,0.99978,24,0,,0.436,0.709
119,House,20533,49,28,TX,100,,,"CUELLAR, Henry",C001063,1955.0,,-0.226,0.63,-5.87721,0.7828,24,2,,-0.157,0.988
119,House,21360,49,14,TX,200,,,"WEBER, Randy",W000814,1953.0,,0.723,0.019,-2.48499,0.90164,24,2,,0.436,0.709
119,House,21362,49,20,TX,100,,,"CASTRO, Joaquin",C001091,1974.0,,-0.399,-0.122,-0.86595,0.96456,24,0,,-0.648,-0.61
119,House,21364,49,25,TX,200,,,"WILLIAMS, Roger",W000816,1949.0,,0.595,0.052,-0.23103,0.9865,17,0,,0.449,0.84
119,House,21365,49,33,TX,100,,,"VEASEY, Marc",V000131,1971.0,,-0.407,0.348,-5.12339,0.80777,24,3,,-0.491,0.69
119,House,21551,49,36,TX,200,,,"BABIN, Brian",B001291,1948.0,,0.712,0.109,-1.11016,0.9548,24,0,,0.819,0.573
119,House,21700,49,19,TX,200,,,"ARRINGTON, Jodey Cook",A000375,1972.0,,0.644,-0.003,-1.71156,0.92829,23,2,,0.889,-0.203
119,House,21722,49,34,TX,100,,,"GONZALEZ, Vicente Jr.",G000581,1967.0,,-0.382,0.819,-8.12343,0.69125,22,3,,-0.241,0.971
119,House,21758,49,27,TX,200,,,"CLOUD, Michael",C001115,1975.0,,0.686,-0.36,-0.29219,0.98738,23,0,,0.889,-0.202
119,House,21911,49,2,TX,200,,,"CRENSHAW, Daniel",C001120,1984.0,,0.434,0.274,-0.00303,0.99987,24,0,,0.436,0.709
119,House,21917,49,16,TX,100,,,"ESCOBAR, Veronica",E000299,1969.0,,-0.489,-0.257,-0.1779,0.99261,24,0,,-0.648,-0.61
119,House,21919,49,7,TX,100,,,"FLETCHER, Elizabeth",F000468,1975.0,,-0.498,0.867,-5.5961,0.79202,24,4,,-0.648,-0.61
119,House,21922,49,29,TX,100,,,"GARCIA, Sylvia",G000587,1950.0,,-0.782,0.323,-0.19415,0.99121,22,0,,-0.66,-0.572
119,House,21925,49,5,TX,200,,,"GOODEN, Lance",G000589,1982.0,,0.723,-0.059,-1.70635,0.93137,24,1,,0.819,0.573
119,House,21961,49,21,TX,200,,,"ROY, Charles",R000614,1972.0,,0.8,-0.6,-0.07532,0.99673,23,0,,0.889,-0.203
119,House,22112,49,4,TX,200,,,"FALLON, Pat",F000246,1967.0,,0.715,0.122,-1.08635,0.95574,24,0,,0.819,0.573
119,House,22119,49,23,TX,200,,,"GONZALES, Tony",G000594,1980.0,,0.34,0.234,-0.00677,0.99972,24,0,,0.436,0.709
119,House,22125,49,13,TX,200,,,"JACKSON, Ronny",J000304,1967.0,,0.776,0.141,-0.56995,0.97653,24,0,,0.889,-0.202
119,House,22143,49,22,TX,200,,,"NEHLS, Troy E.",N000026,1968.0,,0.611,-0.245,-0.3979,0.98285,23,0,,0.823,-0.308
119,House,22147,49,11,TX,200,,,"PFLUGER, August",P000048,1977.0,,0.636,0.37,-0.23537,0.99024,24,0,,0.436,0.709
119,House,22155,49,24,TX,200,,,"VAN DUYNE, Beth",V000134,1970.0,,0.603,0.003,-1.58616,0.93605,24,1,,0.497,-0.613
119,House,22160,49,6,TX,200,,,"ELLZEY, Jake",E000071,1970.0,,0.515,0.698,-0.00208,0.99991,24,0,,0.436,0.709
119,House,22307,49,35,TX,100,,,"CASAR, Greg",C001131,1989.0,,-0.408,-0.872,-0.1798,0.99254,24,0,,-0.648,-0.61
119,House,22312,49,30,TX,100,,,"CROCKETT, Jasmine",C001130,1981.0,,-0.506,-0.204,-0.17653,0.99267,24,0,,-0.648,-0.61
119,House,22315,49,15,TX,200,,,"DE LA CRUZ, Monica",D000594,1974.0,,0.466,0.138,-0.01971,0.99914,23,0,,0.436,0.709
119,House,22328,49,38,TX,200,,,"HUNT, Wesley",H001095,1981.0,,0.594,-0.283,-0.9249,0.95883,22,0,,0.497,-0.614
119,House,22344,49,8,TX,200,,,"LUTTRELL, Morgan",L000603,1975.0,,0.604,-0.017,-0.68539,0.97185,24,0,,0.436,0.709
119,House,22352,49,1,TX,200,,,"MORAN, Nathaniel",M001224,1974.0,,0.571,0.545,-0.02467,0.99897,24,0,,0.436,0.709
119,House,22364,49,3,TX,200,,,"SELF, Keith",S001224,1953.0,,0.826,-0.226,-0.04148,0.99827,24,0,,0.889,-0.202
119,House,22517,49,26,TX,200,,,"GILL, Brandon",G000603,1994.0,,,,,,,,,0.889,-0.202
119,House,22519,49,12,TX,200,,,"GOLDMAN, Craig A.",G000601,1968.0,,,,,,,,,0.889,-0.202
119,House,22528,49,32,TX,100,,,"JOHNSON, Julie",J000310,1966.0,,,,,,,,,-0.235,-0.446
119,House,22557,49,18,TX,100,,,"TURNER, Sylvester",T000489,1954.0,,,,,,,,,-0.648,-0.61
119,House,29571,49,37,TX,100,,,"DOGGETT, Lloyd Alton, II",D000399,1946.0,,-0.402,-0.33,-0.45078,0.98139,24,0,,-0.648,-0.61
119,House,29759,49,17,TX,200,,,"SESSIONS, Pete",S000250,1955.0,,0.585,0.169,-0.21604,0.99104,24,0,,0.436,0.709
119,House,22141,67,1,UT,200,,,"MOORE, Blake D.",M001213,1980.0,,0.365,0.322,-0.0022,0.99991,24,0,,0.436,0.709
119,House,22146,67,4,UT,200,,,"OWENS, Burgess",O000086,1951.0,,0.452,0.164,-0.01141,0.9995,23,0,,0.435,0.711
119,House,22376,67,2,UT,200,,,"MALOY, Celeste",M001228,1981.0,,0.423,0.084,-0.01331,0.99945,24,0,,0.436,0.709
119,House,22529,67,3,UT,200,,,"KENNEDY, Mike",K000403,1969.0,,,,,,,,,0.889,-0.202
119,House,22301,6,1,VT,100,,,"BALINT, Becca",B001318,1968.0,,-0.455,-0.474,-0.14111,0.99414,24,0,,-0.648,-0.61
119,House,20756,40,1,VA,200,,,"WITTMAN, Robert J.",W000804,1959.0,,0.448,0.02,-0.03401,0.99858,24,0,,0.436,0.709
119,House,20952,40,11,VA,100,,,"CONNOLLY, Gerald E. (Gerry)",C001078,1950.0,,-0.309,-0.047,-3.00925,0.88216,24,1,,-0.648,-0.61
119,House,21191,40,9,VA,200,,,"GRIFFITH, H. Morgan",G000568,1958.0,,0.513,-0.347,-0.88164,0.96393,24,0,,0.436,0.709
119,House,21554,40,8,VA,100,,,"BEYER, Donald Sternoff Jr.",B001292,1950.0,,-0.392,-0.101,-1.0091,0.95883,24,0,,-0.648,-0.61
119,House,21908,40,6,VA,200,,,"CLINE, Benjamin",C001118,1972.0,,0.716,-0.205,-0.30868,0.98722,24,0,,0.889,-0.202
119,House,22335,40,2,VA,200,,,"KIGGANS, Jennifer",K000399,1971.0,,0.259,0.436,-0.04311,0.99821,24,0,,0.436,0.709
119,House,22374,40,4,VA,100,,,"MCCLELLAN, Jennifer",M001227,1972.0,,-0.557,0.05,-0.30938,0.98719,24,0,,-0.648,-0.61
119,House,22539,40,5,VA,200,,,"MCGUIRE, John J., III",M001239,1968.0,,,,,,,,,0.889,-0.202
119,House,22554,40,10,VA,100,,,"SUBRAMANYAM, Suhas",S001230,1986.0,,,,,,,,,-0.37,0.929
119,House,22558,40,7,VA,100,,,"VINDMAN, Eugene Simon",V000138,1975.0,,,,,,,,,-0.139,-0.229
119,House,39307,40,3,VA,100,,,"SCOTT, Robert C.",S000185,1947.0,,-0.45,-0.003,-0.69729,0.97136,24,0,,-0.648,-0.61
119,House,20145,73,2,WA,100,,,"LARSEN, Richard Ray (Rick)",L000560,1965.0,,-0.365,0.165,-2.27106,0.90971,24,0,,-0.304,-0.488
119,House,21556,73,4,WA,200,,,"NEWHOUSE, Daniel Milton",N000189,1955.0,,0.318,0.328,-0.00758,0.99968,24,0,,0.436,0.709
119,House,21726,73,7,WA,100,,,"JAYAPAL, Pramila",J000298,1965.0,,-0.627,-0.543,-0.00299,0.9997,10,0,,-0.658,-0.608
119,House,21962,73,8,WA,100,,,"SCHRIER, Kim",S001216,1968.0,,-0.284,0.424,-2.01055,0.91964,24,0,,-0.332,0.885
119,House,22153,73,10,WA,100,,,"STRICKLAND, Marilyn",S001159,1962.0,,-0.451,0.38,-2.39384,0.90507,24,1,,-0.304,-0.488
119,House,22358,73,3,WA,100,,,"PEREZ, Marie Gluesenkamp",G000600,1988.0,,-0.085,0.302,-2.38498,0.9015,23,0,,-0.156,0.368
119,House,22502,73,5,WA,200,,,"BAUMGARTNER, Michael",B001322,1975.0,,,,,,,,,0.434,0.706
119,House,22548,73,6,WA,100,,,"RANDALL, Emily",R000621,1985.0,,,,,,,,,-0.648,-0.61
119,House,29768,73,9,WA,100,,,"SMITH, Adam",S000510,1965.0,,-0.29,-0.164,-2.60601,0.89288,23,1,,-0.66,-0.572
119,House,31101,73,1,WA,100,,,"DelBENE, Suzan K.",D000617,1962.0,,-0.292,-0.203,-1.67699,0.93251,24,0,,-0.304,-0.488
119,House,21946,56,1,WV,200,,,"MILLER, Carol",M001205,1950.0,,0.526,0.107,-6.177,0.7552,22,2,,0.889,-0.202
119,House,22543,56,2,WV,200,,,"MOORE, Riley M.",M001235,1980.0,,,,,,,,,0.819,0.573
119,House,20537,25,4,WI,100,,,"MOORE, Gwendolynne S. (Gwen)",M001160,1951.0,,-0.521,-0.273,-0.06207,0.99731,23,0,,-0.646,-0.518
119,House,21370,25,2,WI,100,,,"POCAN, Mark",P000607,1964.0,,-0.525,-0.559,-0.03959,0.99835,24,0,,-0.648,-0.61
119,House,21559,25,6,WI,200,,,"GROTHMAN, Glenn",G000576,1955.0,,0.598,-0.206,-1.02883,0.95804,24,0,,0.497,-0.613
119,House,21970,25,1,WI,200,,,"STEIL, Bryan",S001213,1981.0,,0.417,0.064,-0.01457,0.99939,24,0,,0.436,0.709
119,House,21989,25,7,WI,200,,,"TIFFANY, Thomas P.",T000165,1957.0,,0.643,-0.244,-0.80129,0.96576,23,0,,0.889,-0.202
119,House,22115,25,5,WI,200,,,"FITZGERALD, Scott",F000471,1963.0,,0.6,0.086,-0.18903,0.99181,23,0,,0.472,0.686
119,House,22370,25,3,WI,200,,,"VAN ORDEN, Derrick",V000135,1969.0,,0.377,-0.023,-0.02626,0.99891,24,0,,0.436,0.709
119,House,22383,25,8,WI,200,,,"WIED, Tony",W000829,1976.0,,0.36,-0.297,-0.19734,0.99181,24,0,,0.436,0.709
119,House,22325,68,1,WY,200,,,"HAGEMAN, Harriet",H001096,1962.0,,0.657,-0.375,-0.43735,0.98194,24,0,,0.889,-0.202
119,Senate,42102,41,0,AL,200,,,"TUBERVILLE, Thomas Hawley (Tommy)",T000278,1954.0,,0.936,-0.352,-0.09373,0.99796,46,0,,0.555,0.296
119,Senate,42300,41,0,AL,200,,,"BRITT, Katie Elizabeth",B001319,1982.0,,0.571,0.645,-0.00495,0.99989,46,0,,0.555,0.296
119,Senate,40300,81,0,AK,200,,,"MURKOWSKI, Lisa",M001153,1957.0,,0.207,-0.314,-0.64083,0.98586,45,0,,0.183,-0.374
119,Senate,41500,81,0,AK,200,,,"SULLIVAN, Daniel Scott",S001198,1964.0,,0.492,0.111,-0.00829,0.99982,46,0,,0.555,0.296
119,Senate,21502,61,0,AZ,100,,,"GALLEGO, Ruben",G000574,1979.0,,-0.382,0.152,-19.86805,0.64927,46,11,,-0.216,0.301
119,Senate,41905,61,0,AZ,100,,,"KELLY, Mark Edward",K000377,1964.0,,-0.225,0.259,-8.5955,0.82956,46,6,,-0.266,0.371
119,Senate,20101,42,0,AR,200,,,"BOOZMAN, John",B001236,1950.0,,0.427,0.339,-0.00893,0.99981,46,0,,0.555,0.296
119,Senate,21301,42,0,AR,200,,,"COTTON, Tom",C001095,1977.0,,0.581,0.188,-0.00263,0.99994,46,0,,0.555,0.296
119,Senate,20104,71,0,CA,100,,,"SCHIFF, Adam",S001150,1960.0,,-0.351,-0.123,-7.18951,0.84925,44,2,,-0.477,-0.202
119,Senate,42104,71,0,CA,100,,,"PADILLA, Alejandro (Alex)",P000145,1973.0,,-0.368,-0.359,-4.74947,0.89308,42,2,,-0.387,-0.643
119,Senate,40910,62,0,CO,100,,,"BENNET, Michael F.",B001267,1964.0,,-0.232,-0.159,-7.93387,0.84158,46,4,,-0.228,-0.202
119,Senate,42101,62,0,CO,100,,,"HICKENLOOPER, John Wright",H000273,1952.0,,-0.239,-0.062,-7.03884,0.85811,46,2,,-0.194,-0.236
119,Senate,20707,1,0,CT,100,,,"MURPHY, Christopher",M001169,1973.0,,-0.275,-0.217,-13.25529,0.74486,45,10,,-0.458,-0.747
119,Senate,41101,1,0,CT,100,,,"BLUMENTHAL, Richard",B001277,1946.0,,-0.435,-0.145,-7.76164,0.84474,46,4,,-0.436,0.164
119,Senate,21706,11,0,DE,100,,,"BLUNT ROCHESTER, Lisa",B001303,1962.0,,-0.36,-0.111,-8.68503,0.82795,46,5,,-0.392,-0.324
119,Senate,40916,11,0,DE,100,,,"COONS, Christopher A.",C001088,1963.0,,-0.235,-0.223,-12.12041,0.76388,45,5,,-0.278,-0.411
119,Senate,41102,43,0,FL,200,,,"RUBIO, Marco",R000595,1971.0,,0.616,-0.184,-0.00062,0.99991,7,0,,0.569,0.415
119,Senate,41903,43,0,FL,200,,,"SCOTT, Richard Lynn (Rick)",S001217,1952.0,,0.714,-0.013,-0.00618,0.99987,46,0,,0.555,0.296
119,Senate,42506,43,0,FL,200,,,"MOODY, Ashley Brooke",M001244,1975.0,,0.557,0.291,-0.00249,0.99994,39,0,,0.555,0.295
119,Senate,42103,44,0,GA,100,,,"OSSOFF, Thomas Jonathan (Jon)",O000174,1987.0,,-0.417,0.416,-4.14913,0.89392,37,0,,-0.423,0.645
119,Senate,42105,44,0,GA,100,,,"WARNOCK, Raphael Gamaliel",W000790,1969.0,,-0.408,0.344,-7.34717,0.84622,44,2,,-0.373,0.336
119,Senate,20713,82,0,HI,100,,,"HIRONO, Mazie",H001042,1947.0,,-0.514,-0.092,-3.57154,0.9253,46,1,,-0.758,-0.653
119,Senate,41112,82,0,HI,100,,,"SCHATZ, Brian Emanuel",S001194,1972.0,,-0.447,-0.095,-7.47817,0.84689,45,5,,-0.522,-0.51
119,Senate,29345,63,0,ID,200,,,"CRAPO, Michael Dean",C000880,1951.0,,0.504,0.292,-0.00313,0.99993,45,0,,0.555,0.296
119,Senate,40902,63,0,ID,200,,,"RISCH, James",R000584,1943.0,,0.548,0.393,-0.00264,0.99994,46,0,,0.555,0.296
119,Senate,15021,21,0,IL,100,,,"DURBIN, Richard Joseph",D000563,1944.0,,-0.348,-0.304,-6.85382,0.85576,44,4,,-0.355,-0.225
119,Senate,21325,21,0,IL,100,,,"DUCKWORTH, Tammy",D000622,1968.0,,-0.339,0.087,-11.82975,0.77324,46,9,,-0.44,-0.344
119,Senate,21133,22,0,IN,200,,,"YOUNG, Todd",Y000064,1972.0,,0.438,-0.027,-0.05056,0.9989,46,0,,0.555,0.296
119,Senate,21702,22,0,IN,200,,,"BANKS, James E.",B001299,1979.0,,0.647,0.013,-0.0039,0.99992,46,0,,0.555,0.296
119,Senate,14226,31,0,IA,200,,,"GRASSLEY, Charles Ernest",G000386,1933.0,,0.361,-0.037,-0.20181,0.99562,46,0,,0.555,0.296
119,Senate,41502,31,0,IA,200,,,"ERNST, Joni",E000295,1970.0,,0.538,-0.035,-0.00905,0.9998,46,0,,0.555,0.296
119,Senate,21734,32,0,KS,200,,,"MARSHALL, Roger Wayne",M001198,1960.0,,0.607,0.139,-0.00284,0.99994,46,0,,0.555,0.296
119,Senate,29722,32,0,KS,200,,,"MORAN, Jerry",M000934,1954.0,,0.414,0.22,-0.0198,0.99955,44,0,,0.541,0.371
119,Senate,14921,51,0,KY,200,,,"McCONNELL, Addison Mitchell (Mitch)",M000355,1942.0,,0.404,0.022,-2.77494,0.9402,45,1,,0.292,-0.275
119,Senate,41104,51,0,KY,200,,,"PAUL, Rand",P000603,1963.0,,0.891,-0.454,-0.08658,0.99808,45,0,,0.555,0.296
119,Senate,20919,45,0,LA,200,,,"CASSIDY, Bill",C001075,1957.0,,0.464,-0.048,-0.03591,0.99922,46,0,,0.555,0.296
119,Senate,41703,45,0,LA,200,,,"KENNEDY, John Neely",K000393,1951.0,,0.556,-0.142,-0.01312,0.99971,46,0,,0.555,0.296
119,Senate,41300,2,0,ME,328,,,"KING, Angus Stanley, Jr.",K000383,1944.0,,-0.166,-0.194,-7.36907,0.84579,44,2,,-0.184,-0.343
119,Senate,49703,2,0,ME,200,,,"COLLINS, Susan Margaret",C001035,1952.0,,0.119,-0.522,-1.82871,0.96103,46,0,,0.183,-0.374
119,Senate,20330,52,0,MD,100,,,"VAN HOLLEN, Christopher",V000128,1959.0,,-0.394,-0.213,-5.75925,0.88232,46,1,,-0.419,-0.754
119,Senate,42500,52,0,MD,100,,,"ALSOBROOKS, Angela Deneece",A000382,1971.0,,-0.262,-0.721,-5.04751,0.89389,45,3,,-0.252,-0.755
119,Senate,14435,3,0,MA,100,,,"MARKEY, Edward John",M000133,1946.0,,-0.516,-0.467,-1.68687,0.96321,45,0,,-0.758,-0.653
119,Senate,41301,3,0,MA,100,,,"WARREN, Elizabeth",W000817,1949.0,,-0.747,-0.351,-0.59936,0.98705,46,0,,-0.758,-0.653
119,Senate,20923,23,0,MI,100,,,"PETERS, Gary C.",P000595,1958.0,,-0.247,-0.175,-12.35037,0.75999,45,6,,-0.273,0.25
119,Senate,21965,23,0,MI,100,,,"SLOTKIN, Elissa",S001208,1976.0,,-0.321,0.697,-6.57971,0.86672,46,1,,-0.295,0.525
119,Senate,40700,33,0,MN,100,,,"KLOBUCHAR, Amy",K000367,1960.0,,-0.283,-0.341,-6.88441,0.85516,44,2,,-0.287,-0.117
119,Senate,41706,33,0,MN,100,,,"SMITH, Tina",S001203,1958.0,,-0.405,-0.057,-9.0604,0.8139,44,5,,-0.574,-0.08
119,Senate,29534,46,0,MS,200,,,"WICKER, Roger F.",W000437,1951.0,,0.377,0.342,-0.02671,0.99942,46,0,,0.555,0.296
119,Senate,41707,46,0,MS,200,,,"HYDE-SMITH, Cindy",H001079,1959.0,,0.452,0.328,-0.00579,0.99987,44,0,,0.555,0.297
119,Senate,41901,34,0,MO,200,,,"HAWLEY, Joshua David",H001089,1979.0,,0.795,-0.227,-0.02014,0.99956,46,0,,0.555,0.296
119,Senate,42303,34,0,MO,200,,,"SCHMITT, Eric Stephen",S001227,1975.0,,0.943,-0.006,-0.05337,0.99884,46,0,,0.555,0.296
119,Senate,21338,64,0,MT,200,,,"DAINES, Steve",D000618,1962.0,,0.592,-0.04,-0.00492,0.99989,46,0,,0.555,0.296
119,Senate,42503,64,0,MT,200,,,"SHEEHY, Timothy Patrick",S001232,1985.0,,0.567,0.259,-0.00237,0.99995,45,0,,0.566,0.262
119,Senate,41302,35,0,NE,200,,,"FISCHER, Debra (Deb)",F000463,1951.0,,0.462,0.328,-0.00485,0.99989,46,0,,0.555,0.296
119,Senate,42302,35,0,NE,200,,,"RICKETTS, John Peter (Pete)",R000618,1964.0,,0.432,0.544,-0.00729,0.99984,46,0,,0.555,0.296
119,Senate,21743,65,0,NV,100,,,"ROSEN, Jacklyn Sheryl",R000608,1957.0,,-0.288,0.309,-7.63313,0.8471,46,3,,-0.309,0.205
119,Senate,41700,65,0,NV,100,,,"CORTEZ MASTO, Catherine Marie",C001113,1964.0,,-0.361,0.317,-6.63611,0.86566,46,1,,-0.444,0.596
119,Senate,40906,4,0,NH,100,,,"SHAHEEN, Jeanne",S001181,1947.0,,-0.239,-0.112,-9.38264,0.81549,46,6,,-0.197,0.247
119,Senate,41702,4,0,NH,100,,,"HASSAN, Margaret (Maggie)",H001076,1958.0,,-0.234,0.035,-6.60885,0.86341,45,3,,-0.197,0.248
119,Senate,21937,12,0,NJ,100,,,"KIM, Andy",K000394,1982.0,,-0.379,0.21,-18.98437,0.66186,46,12,,-0.432,0.071
119,Senate,41308,12,0,NJ,100,,,"BOOKER, Cory Anthony",B001288,1969.0,,-0.557,-0.305,-13.70326,0.70994,40,4,,-0.416,-0.433
119,Senate,20930,66,0,NM,100,,,"HEINRICH, Martin",H001046,1971.0,,-0.332,-0.021,-10.21834,0.80081,46,5,,-0.37,0.177
119,Senate,20932,66,0,NM,100,,,"LUJÁN, Ben Ray",L000570,1972.0,,-0.37,0.018,-12.23048,0.76653,46,3,,-0.442,0.371
119,Senate,14858,13,0,NY,100,,,"SCHUMER, Charles Ellis (Chuck)",S000148,1950.0,,-0.354,-0.419,-4.93927,0.89819,46,0,,-0.385,-0.893
119,Senate,20735,13,0,NY,100,,,"GILLIBRAND, Kirsten",G000555,1966.0,,-0.458,-0.388,-16.83233,0.69356,46,11,,-0.263,-0.327
119,Senate,21708,47,0,NC,200,,,"BUDD, Theodore Paul",B001305,1971.0,,0.633,-0.075,-0.00492,0.99989,46,0,,0.555,0.296
119,Senate,41504,47,0,NC,200,,,"TILLIS, Thomas Roland (Thom)",T000476,1960.0,,0.388,-0.107,-0.17814,0.99613,46,0,,0.555,0.296
119,Senate,21350,36,0,ND,200,,,"CRAMER, Kevin",C001096,1961.0,,0.397,0.374,-0.01536,0.99967,46,0,,0.555,0.296
119,Senate,41107,36,0,ND,200,,,"HOEVEN, John",H001061,1957.0,,0.398,0.455,-0.01295,0.99972,46,0,,0.555,0.296
119,Senate,42304,24,0,OH,200,,,"VANCE, James David",V000137,1984.0,,0.85,-0.527,-0.0,1.0,1,0,,0.0,0.0
119,Senate,42502,24,0,OH,200,,,"MORENO, Bernardo (Bernie)",M001242,1967.0,,0.556,0.292,-0.00249,0.99995,46,0,,0.555,0.296
119,Senate,42505,24,0,OH,200,,,"HUSTED, Jon Allen",H001104,1967.0,,0.557,0.291,-0.00249,0.99994,39,0,,0.555,0.295
119,Senate,21166,53,0,OK,200,,,"LANKFORD, James",L000575,1968.0,,0.592,0.144,-0.00278,0.99994,45,0,,0.555,0.296
119,Senate,21355,53,0,OK,200,,,"MULLIN, Markwayne",M001190,1977.0,,0.534,0.247,-0.00274,0.99994,45,0,,0.555,0.296
119,Senate,14871,72,0,OR,100,,,"WYDEN, Ronald Lee",W000779,1949.0,,-0.331,-0.485,-6.55912,0.85541,42,3,,-0.405,-0.364
119,Senate,40908,72,0,OR,100,,,"MERKLEY, Jeff",M001176,1956.0,,-0.451,-0.735,-2.78394,0.93731,43,0,,-0.988,0.152
119,Senate,42301,14,0,PA,100,,,"FETTERMAN, John Karl",F000479,1969.0,,-0.191,-0.051,-17.85407,0.56218,31,8,,0.005,0.164
119,Senate,42501,14,0,PA,200,,,"MCCORMICK, David Harold",M001243,1965.0,,0.556,0.292,-0.00249,0.99995,46,0,,0.555,0.296
119,Senate,29142,5,0,RI,100,,,"REED, John F. (Jack)",R000122,1949.0,,-0.368,-0.174,-6.26833,0.87261,46,1,,-0.44,-0.344
119,Senate,40704,5,0,RI,100,,,"WHITEHOUSE, Sheldon",W000802,1955.0,,-0.354,-0.093,-7.44797,0.85052,46,4,,-0.296,-0.43
119,Senate,21173,48,0,SC,200,,,"SCOTT, Tim",S001184,1965.0,,0.634,0.005,-0.00382,0.99992,46,0,,0.555,0.296
119,Senate,29566,48,0,SC,200,,,"GRAHAM, Lindsey O.",G000359,1955.0,,0.366,-0.282,-0.50191,0.98812,42,0,,0.554,0.297
119,Senate,29754,37,0,SD,200,,,"THUNE, John",T000250,1961.0,,0.433,0.226,-0.01344,0.99971,46,0,,0.555,0.296
119,Senate,41505,37,0,SD,200,,,"ROUNDS, Marion Michael (Mike)",R000605,1954.0,,0.351,0.079,-0.14337,0.99689,46,0,,0.555,0.296
119,Senate,20351,54,0,TN,200,,,"BLACKBURN, Marsha",B001243,1952.0,,0.632,0.14,-0.0031,0.99993,46,0,,0.555,0.296
119,Senate,42100,54,0,TN,200,,,"HAGERTY, William Francis (Bill)",H000601,1959.0,,0.68,-0.093,-0.0057,0.99986,42,0,,0.555,0.295
119,Senate,40305,49,0,TX,200,,,"CORNYN, John",C001056,1952.0,,0.469,-0.065,-0.03562,0.99923,46,0,,0.555,0.296
119,Senate,41304,49,0,TX,200,,,"CRUZ, Rafael Edward (Ted)",C001098,1970.0,,0.783,-0.194,-0.01657,0.99955,37,0,,0.555,0.296
119,Senate,21755,67,0,UT,200,,,"CURTIS, John R.",C001114,1960.0,,0.447,0.128,-0.01773,0.99961,46,0,,0.555,0.296
119,Senate,41110,67,0,UT,200,,,"LEE, Mike",L000577,1971.0,,0.891,-0.454,-0.08658,0.99812,46,0,,0.555,0.296
119,Senate,20750,6,0,VT,100,,,"WELCH, Peter",W000800,1947.0,,-0.407,-0.383,-14.99746,0.72178,46,8,,-0.249,-0.546
119,Senate,29147,6,0,VT,328,,,"SANDERS, Bernard",S000033,1941.0,,-0.543,-0.416,-4.25639,0.91162,46,2,,-0.819,0.252
119,Senate,40909,40,0,VA,100,,,"WARNER, Mark",W000805,1954.0,,-0.208,-0.051,-8.00275,0.84032,46,3,,-0.235,0.017
119,Senate,41305,40,0,VA,100,,,"KAINE, Timothy Michael (Tim)",K000384,1958.0,,-0.249,-0.072,-10.60498,0.7941,46,4,,-0.229,-0.229
119,Senate,39310,73,0,WA,100,,,"CANTWELL, Maria E.",C000127,1958.0,,-0.305,-0.403,-9.63747,0.81098,46,6,,-0.322,-0.102
119,Senate,49308,73,0,WA,100,,,"MURRAY, Patty",M001111,1950.0,,-0.353,-0.306,-5.75741,0.87735,44,1,,-0.811,-0.048
119,Senate,20146,56,0,WV,200,,,"CAPITO, Shelley Moore",C001047,1953.0,,0.281,0.144,-0.37518,0.99188,46,0,,0.555,0.296
119,Senate,42504,56,0,WV,200,,,"JUSTICE, James Conley, II",J000312,1951.0,,0.556,0.292,-0.00249,0.99994,42,0,,0.555,0.296
119,Senate,29940,25,0,WI,100,,,"BALDWIN, Tammy",B001230,1962.0,,-0.49,-0.136,-11.48421,0.77907,46,7,,-0.369,-0.047
119,Senate,41111,25,0,WI,200,,,"JOHNSON, Ron",J000293,1955.0,,0.64,-0.142,-0.00647,0.99986,46,0,,0.555,0.296
119,Senate,20953,68,0,WY,200,,,"LUMMIS, Cynthia M.",L000571,1954.0,,0.685,-0.332,-0.01616,0.99963,44,0,,0.555,0.296
119,Senate,40707,68,0,WY,200,,,"BARRASSO, John A.",B001261,1952.0,,0.538,0.197,-0.00299,0.99994,46,0,,0.555,0.296
